[{
        "nome": "Essa Não Tem Zero",
        "idade": 12,
        "cpf": "313.152.862-12",
        "rg": "48.256.174-9",
        "data_nasc": "15/12/1991",
        "sexo": "Feminino",
        "signo": "Virgem",
        "mae": "Alessandra Aurora Teresinha",
        "pai": "Pedro Bryan Castro",
        "email": "luzia.malu.castro@doucedoce.com.br",
        "senha": "qBp2xjZ5Yj",
        "cep": "79914-394",
        "endereco": "Rua Pedro Manvailer",
        "numero": 236,
        "bairro": "Bairro Santa Isabel",
        "cidade": "Ponta Porã",
        "estado": "MS",
        "telefone_fixo": "(67) 3619-2417",
        "celular": "(67) 99417-7861",
        "altura": "1,51",
        "peso": 61,
        "tipo_sanguineo": "",
        "cor": "azul"
    },
    {
        "nome": "Rodrigo Marcos Vinicius Paulo da Rocha",
        "idade": 25,
        "cpf": "755.259.092-00",
        "rg": "50.892.590-3",
        "data_nasc": "20/07/1997",
        "sexo": "Masculino",
        "signo": "Câncer",
        "mae": "Marina Flávia",
        "pai": "Julio Augusto Raul da Rocha",
        "email": "rodrigo_darocha@veloxmail.com.br",
        "senha": "EFcxIMaxCU",
        "cep": "41311-446",
        "endereco": "Travessa 7 de Setembro",
        "numero": 732,
        "bairro": "Águas Claras",
        "cidade": "Salvador",
        "estado": "BA",
        "telefone_fixo": "(71) 3623-7630",
        "celular": "",
        "altura": "1,69",
        "peso": 55,
        "tipo_sanguineo": "B-",
        "cor": "laranja"
    },
    {
        "nome": "Bárbara Sophia Aline Martins",
        "idade": 54,
        "cpf": "157.616.689-98",
        "rg": "38.961.396-4",
        "data_nasc": "21/05/1968",
        "sexo": "Feminino",
        "signo": "Gêmeos",
        "mae": "Ana Daniela Lorena",
        "pai": "Felipe Osvaldo Martins",
        "email": "barbara_sophia_martins@yahooo.com.br",
        "senha": "crwM9SfA13",
        "cep": "29850-973",
        "endereco": "Contorno Ecoporanga-Ataléia BR-342, s/n",
        "numero": 359,
        "bairro": "Prata dos Baianos",
        "cidade": "Ecoporanga",
        "estado": "ES",
        "telefone_fixo": "",
        "celular": "(27) 98628-6958",
        "altura": "1,57",
        "peso": 50,
        "tipo_sanguineo": "AB-",
        "cor": "laranja"
    },
    {
        "nome": "Gustavo Vitor Ruan Porto",
        "idade": 53,
        "cpf": "205.076.215-14",
        "rg": "33.875.252-3",
        "data_nasc": "01/04/1969",
        "sexo": "Masculino",
        "signo": "Áries",
        "mae": "Renata Malu",
        "pai": "Caio Breno Danilo Porto",
        "email": "gustavovitorporto@edwardmaluf.com.br",
        "senha": "heBqsjtapa",
        "cep": "35700-565",
        "endereco": "Rua São Jorge",
        "numero": 793,
        "bairro": "Catarina",
        "cidade": "Sete Lagoas",
        "estado": "MG",
        "telefone_fixo": "(31) 3900-8687",
        "celular": "(31) 98993-6314",
        "altura": "1,95",
        "peso": 107,
        "tipo_sanguineo": "B-",
        "cor": "verde"
    },
    {
        "nome": "Manoel Kevin Renato Fernandes",
        "idade": 62,
        "cpf": "396.625.080-23",
        "rg": "25.015.928-4",
        "data_nasc": "22/01/1960",
        "sexo": "Masculino",
        "signo": "Aquário",
        "mae": "Clara Giovanna Tânia",
        "pai": "Juan Benjamin Lucca Fernandes",
        "email": "manoel_fernandes@bplan.com.br",
        "senha": "yMH4LGrX6E",
        "cep": "65082-605",
        "endereco": "1ª Travessa Tancredo Neves",
        "numero": 908,
        "bairro": "Vila Mauro Fecury I",
        "cidade": "São Luís",
        "estado": "MA",
        "telefone_fixo": "(98) 2613-3773",
        "celular": "(98) 98832-9997",
        "altura": "1,64",
        "peso": 65,
        "tipo_sanguineo": "A+",
        "cor": "vermelho"
    },
    {
        "nome": "Silvana Carolina Caldeira",
        "idade": 58,
        "cpf": "067.560.502-49",
        "rg": "14.445.619-9",
        "data_nasc": "21/06/1964",
        "sexo": "Feminino",
        "signo": "Câncer",
        "mae": "Sônia Agatha Julia",
        "pai": "Gael Gustavo Marcos Vinicius Caldeira",
        "email": "silvana_caldeira@vitalliimoveis.com",
        "senha": "SheZxpsMjo",
        "cep": "68005-399",
        "endereco": "Avenida Borges Leal",
        "numero": 418,
        "bairro": "Santa Clara",
        "cidade": "Santarém",
        "estado": "PA",
        "telefone_fixo": "(93) 2877-3934",
        "celular": "(93) 98120-0424",
        "altura": "1,67",
        "peso": 65,
        "tipo_sanguineo": "AB-",
        "cor": "roxo"
    },
    {
        "nome": "Alice Mariah Luiza da Paz",
        "idade": 44,
        "cpf": "824.898.374-94",
        "rg": "48.623.898-2",
        "data_nasc": "21/08/1978",
        "sexo": "Feminino",
        "signo": "Leão",
        "mae": "Malu Vera Priscila",
        "pai": "Felipe Julio da Paz",
        "email": "alice_mariah_dapaz@pib.com.br",
        "senha": "s1e3cxykYk",
        "cep": "78115-868",
        "endereco": "Rua Hungria",
        "numero": 648,
        "bairro": "Ponte Nova",
        "cidade": "Várzea Grande",
        "estado": "MT",
        "telefone_fixo": "(65) 3577-5327",
        "celular": "(65) 99941-6826",
        "altura": "1,68",
        "peso": 87,
        "tipo_sanguineo": "AB-",
        "cor": "verde"
    },
    {
        "nome": "Mário Pietro Sebastião Silveira",
        "idade": 57,
        "cpf": "220.233.383-52",
        "rg": "38.006.692-0",
        "data_nasc": "19/04/1965",
        "sexo": "Masculino",
        "signo": "Áries",
        "mae": "Carolina Liz",
        "pai": "Renato Bernardo Silveira",
        "email": "mario-silveira88@techdomus.com.br",
        "senha": "wjgE7HDrFE",
        "cep": "76871-366",
        "endereco": "Rua Presidente Afonso Pena",
        "numero": 605,
        "bairro": "Nova União 03",
        "cidade": "Ariquemes",
        "estado": "RO",
        "telefone_fixo": "(69) 2611-6663",
        "celular": "(69) 99795-5721",
        "altura": "1,66",
        "peso": 89,
        "tipo_sanguineo": "A-",
        "cor": "amarelo"
    },
    {
        "nome": "Raimundo Cauã Elias Monteiro",
        "idade": 36,
        "cpf": "408.227.174-09",
        "rg": "15.158.593-3",
        "data_nasc": "23/06/1986",
        "sexo": "Masculino",
        "signo": "Câncer",
        "mae": "Rayssa Isabella",
        "pai": "Ricardo Francisco Monteiro",
        "email": "raimundo_caua_monteiro@kaynak.com.br",
        "senha": "YYcK8lmyPc",
        "cep": "61942-240",
        "endereco": "Rua Francisco Paulino",
        "numero": 785,
        "bairro": "Outra Banda",
        "cidade": "Maranguape",
        "estado": "CE",
        "telefone_fixo": "(85) 3851-2293",
        "celular": "(85) 98470-3768",
        "altura": "1,67",
        "peso": 92,
        "tipo_sanguineo": "B+",
        "cor": "vermelho"
    },
    {
        "nome": "Camila Gabrielly de Paula",
        "idade": 19,
        "cpf": "317.448.733-13",
        "rg": "14.218.092-0",
        "data_nasc": "05/07/2003",
        "sexo": "Feminino",
        "signo": "Câncer",
        "mae": "Elaine Benedita",
        "pai": "Enzo Marcelo Rafael de Paula",
        "email": "camila_gabrielly_depaula@comercialmendes.net",
        "senha": "GWwGn3ElQD",
        "cep": "25902-785",
        "endereco": "Rua A",
        "numero": 372,
        "bairro": "Citrolândia",
        "cidade": "Magé",
        "estado": "RJ",
        "telefone_fixo": "(21) 3594-5532",
        "celular": "(21) 99497-6168",
        "altura": "1,51",
        "peso": 83,
        "tipo_sanguineo": "B-",
        "cor": "vermelho"
    },
    {
        "nome": "Lucas Henrique da Rosa",
        "idade": 21,
        "cpf": "060.634.813-11",
        "rg": "49.925.502-1",
        "data_nasc": "25/05/2001",
        "sexo": "Masculino",
        "signo": "Gêmeos",
        "mae": "Agatha Liz",
        "pai": "Bernardo Márcio Henrique da Rosa",
        "email": "lucashenriquedarosa@tricoproducts.com.br",
        "senha": "QIZI2mfa3m",
        "cep": "69027-033",
        "endereco": "Beco Amaro Juvenal",
        "numero": 976,
        "bairro": "São Raimundo",
        "cidade": "Manaus",
        "estado": "AM",
        "telefone_fixo": "(92) 3770-2624",
        "celular": "(92) 98268-3549",
        "altura": "1,73",
        "peso": 60,
        "tipo_sanguineo": "AB+",
        "cor": "laranja"
    },
    {
        "nome": "Breno Breno Campos",
        "idade": 47,
        "cpf": "236.651.244-92",
        "rg": "48.314.317-0",
        "data_nasc": "14/08/1975",
        "sexo": "Masculino",
        "signo": "Leão",
        "mae": "Laís Stefany",
        "pai": "Jorge Bernardo Campos",
        "email": "breno-campos75@sanidet.com.br",
        "senha": "oL4FZi2FRO",
        "cep": "79116-474",
        "endereco": "Rua Rialma",
        "numero": 879,
        "bairro": "Parque dos Laranjais",
        "cidade": "Campo Grande",
        "estado": "MS",
        "telefone_fixo": "(67) 2984-8262",
        "celular": "(67) 99237-6649",
        "altura": "1,88",
        "peso": 98,
        "tipo_sanguineo": "B+",
        "cor": "vermelho"
    },
    {
        "nome": "Raul João Caio Nunes",
        "idade": 51,
        "cpf": "868.401.519-30",
        "rg": "27.651.307-1",
        "data_nasc": "15/07/1971",
        "sexo": "Masculino",
        "signo": "Câncer",
        "mae": "Adriana Kamilly Cecília",
        "pai": "Marcos Vinicius Luís Nunes",
        "email": "rauljoaonunes@puenteimoveis.com.br",
        "senha": "EdqjjjSwOR",
        "cep": "55036-270",
        "endereco": "Rua Nelson Barbalho",
        "numero": 714,
        "bairro": "Kennedy",
        "cidade": "Caruaru",
        "estado": "PE",
        "telefone_fixo": "(81) 2690-2079",
        "celular": "(81) 98449-1247",
        "altura": "1,99",
        "peso": 51,
        "tipo_sanguineo": "A+",
        "cor": "roxo"
    },
    {
        "nome": "Tomás Fábio Dias",
        "idade": 64,
        "cpf": "748.763.658-57",
        "rg": "26.671.666-0",
        "data_nasc": "14/06/1958",
        "sexo": "Masculino",
        "signo": "Gêmeos",
        "mae": "Luiza Bárbara Ester",
        "pai": "Martin Jorge Dias",
        "email": "tomas_dias@aliancacadeiras.com.br",
        "senha": "SNmQ2SUjqD",
        "cep": "69025-009",
        "endereco": "Beco Palmeirinha",
        "numero": 708,
        "bairro": "Centro",
        "cidade": "Manaus",
        "estado": "AM",
        "telefone_fixo": "(92) 3604-5123",
        "celular": "(92) 99638-1926",
        "altura": "1,84",
        "peso": 88,
        "tipo_sanguineo": "A+",
        "cor": "roxo"
    },
    {
        "nome": "Marcelo Martin Juan Mendes",
        "idade": 32,
        "cpf": "226.489.031-27",
        "rg": "45.760.232-6",
        "data_nasc": "01/09/1990",
        "sexo": "Masculino",
        "signo": "Virgem",
        "mae": "Laura Valentina Tatiane",
        "pai": "Antonio Victor Mendes",
        "email": "marcelo.martin.mendes@cebrace.com.br",
        "senha": "SSY4bPOWR2",
        "cep": "79839-000",
        "endereco": "Rua dos Coqueiros",
        "numero": 262,
        "bairro": "Jardim Colibri",
        "cidade": "Dourados",
        "estado": "MS",
        "telefone_fixo": "(67) 3844-8956",
        "celular": "(67) 99422-9005",
        "altura": "1,93",
        "peso": 103,
        "tipo_sanguineo": "B+",
        "cor": "vermelho"
    },
    {
        "nome": "Luciana Josefa Stella Fogaça",
        "idade": 57,
        "cpf": "460.006.660-04",
        "rg": "49.520.807-3",
        "data_nasc": "23/06/1965",
        "sexo": "Feminino",
        "signo": "Câncer",
        "mae": "Patrícia Sophia",
        "pai": "Sérgio Elias Fogaça",
        "email": "luciana_fogaca@inglesasset.com.br",
        "senha": "67DxntHOmi",
        "cep": "60336-095",
        "endereco": "Rua São Francisco",
        "numero": 519,
        "bairro": "Álvaro Weyne",
        "cidade": "Fortaleza",
        "estado": "CE",
        "telefone_fixo": "(85) 2780-0732",
        "celular": "(85) 99581-5496",
        "altura": "1,80",
        "peso": 81,
        "tipo_sanguineo": "A+",
        "cor": "vermelho"
    },
    {
        "nome": "Sueli Bruna Costa",
        "idade": 19,
        "cpf": "810.218.370-59",
        "rg": "49.399.782-9",
        "data_nasc": "03/05/2003",
        "sexo": "Feminino",
        "signo": "Touro",
        "mae": "Bruna Benedita Patrícia",
        "pai": "Victor Leonardo Vinicius Costa",
        "email": "sueli.bruna.costa@betti.com.br",
        "senha": "wPg8zaUPQ5",
        "cep": "73370-053",
        "endereco": "Conjunto Residencial 53",
        "numero": 192,
        "bairro": "Vale do Amanhecer (Planaltina)",
        "cidade": "Brasília",
        "estado": "DF",
        "telefone_fixo": "(61) 3636-2555",
        "celular": "(61) 98212-2375",
        "altura": "1,51",
        "peso": 79,
        "tipo_sanguineo": "B+",
        "cor": "azul"
    },
    {
        "nome": "Alícia Melissa Jaqueline Pinto",
        "idade": 19,
        "cpf": "741.466.145-89",
        "rg": "28.175.507-3",
        "data_nasc": "13/02/2003",
        "sexo": "Feminino",
        "signo": "Aquário",
        "mae": "Joana Isis Eliane",
        "pai": "Breno Elias Sérgio Pinto",
        "email": "alicia_pinto@bb.com.br",
        "senha": "W6UOI6qZnA",
        "cep": "40365-723",
        "endereco": "Vila Lucas",
        "numero": 137,
        "bairro": "Curuzu",
        "cidade": "Salvador",
        "estado": "BA",
        "telefone_fixo": "(71) 3904-0386",
        "celular": "(71) 98846-0926",
        "altura": "1,62",
        "peso": 46,
        "tipo_sanguineo": "AB+",
        "cor": "roxo"
    },
    {
        "nome": "Simone Emilly Aragão",
        "idade": 42,
        "cpf": "054.648.676-27",
        "rg": "45.935.373-1",
        "data_nasc": "11/08/1980",
        "sexo": "Feminino",
        "signo": "Leão",
        "mae": "Raquel Raimunda",
        "pai": "Cauã Juan Aragão",
        "email": "simone_emilly_aragao@msn.com",
        "senha": "PImpMEFYYb",
        "cep": "65075-015",
        "endereco": "Rua Ararajubas",
        "numero": 981,
        "bairro": "Jardim Renascença",
        "cidade": "São Luís",
        "estado": "MA",
        "telefone_fixo": "(98) 3564-4090",
        "celular": "(98) 99603-2141",
        "altura": "1,60",
        "peso": 66,
        "tipo_sanguineo": "A-",
        "cor": "preto"
    },
    {
        "nome": "Jéssica Sophia Carolina Rodrigues",
        "idade": 47,
        "cpf": "572.469.010-19",
        "rg": "33.646.887-8",
        "data_nasc": "02/07/1975",
        "sexo": "Feminino",
        "signo": "Câncer",
        "mae": "Larissa Maya Vanessa",
        "pai": "Enrico Kauê Rodrigues",
        "email": "jessicasophiarodrigues@argo.com.br",
        "senha": "AfSIlzl7li",
        "cep": "38302-002",
        "endereco": "Rua Trinta",
        "numero": 334,
        "bairro": "Progresso",
        "cidade": "Ituiutaba",
        "estado": "MG",
        "telefone_fixo": "(34) 2689-6423",
        "celular": "(34) 99752-6910",
        "altura": "1,77",
        "peso": 55,
        "tipo_sanguineo": "AB-",
        "cor": "verde"
    },
    {
        "nome": "Diego Vitor Araújo",
        "idade": 76,
        "cpf": "439.668.626-97",
        "rg": "43.114.945-8",
        "data_nasc": "09/01/1946",
        "sexo": "Masculino",
        "signo": "Capricórnio",
        "mae": "Tânia Lavínia",
        "pai": "Iago Giovanni Araújo",
        "email": "diego-araujo82@hotmaill.com",
        "senha": "UcBYPqMi7m",
        "cep": "49042-842",
        "endereco": "Rua C",
        "numero": 304,
        "bairro": "São Conrado",
        "cidade": "Aracaju",
        "estado": "SE",
        "telefone_fixo": "(79) 2786-3855",
        "celular": "(79) 98498-5071",
        "altura": "1,86",
        "peso": 68,
        "tipo_sanguineo": "AB-",
        "cor": "azul"
    },
    {
        "nome": "Enzo Theo Renan Vieira",
        "idade": 23,
        "cpf": "310.840.801-17",
        "rg": "31.913.739-9",
        "data_nasc": "06/01/1999",
        "sexo": "Masculino",
        "signo": "Capricórnio",
        "mae": "Tatiane Sebastiana",
        "pai": "André Vitor Vieira",
        "email": "enzo_theo_vieira@eletrotex.com.br",
        "senha": "Uhmr7ALG1r",
        "cep": "58052-751",
        "endereco": "Rua Antônio Peixoto Filho",
        "numero": 390,
        "bairro": "Jardim Cidade Universitária",
        "cidade": "João Pessoa",
        "estado": "PB",
        "telefone_fixo": "(83) 2928-5979",
        "celular": "(83) 98533-1273",
        "altura": "1,96",
        "peso": 60,
        "tipo_sanguineo": "B+",
        "cor": "laranja"
    },
    {
        "nome": "Kevin Cláudio Gomes",
        "idade": 52,
        "cpf": "186.420.036-77",
        "rg": "15.681.159-5",
        "data_nasc": "03/09/1970",
        "sexo": "Masculino",
        "signo": "Virgem",
        "mae": "Sueli Antônia",
        "pai": "Luan Renan Arthur Gomes",
        "email": "kevin.claudio.gomes@eton.com.br",
        "senha": "5oE6PXFJ2k",
        "cep": "78557-755",
        "endereco": "Rua das Samambaias",
        "numero": 617,
        "bairro": "Jardim Santa Mônica",
        "cidade": "Sinop",
        "estado": "MT",
        "telefone_fixo": "(66) 3840-0114",
        "celular": "(66) 99948-6926",
        "altura": "1,60",
        "peso": 72,
        "tipo_sanguineo": "AB+",
        "cor": "roxo"
    },
    {
        "nome": "Evelyn Emily Priscila Galvão",
        "idade": 41,
        "cpf": "567.857.699-22",
        "rg": "32.415.335-1",
        "data_nasc": "23/02/1981",
        "sexo": "Feminino",
        "signo": "Peixes",
        "mae": "Elaine Raimunda Esther",
        "pai": "Daniel Giovanni Galvão",
        "email": "evelyn-galvao91@sinsesp.com.br",
        "senha": "IBJmh7rTJM",
        "cep": "89260-417",
        "endereco": "Rua Olinda Rosa",
        "numero": 770,
        "bairro": "Barra do Rio Cerro",
        "cidade": "Jaraguá do Sul",
        "estado": "SC",
        "telefone_fixo": "(47) 2893-0881",
        "celular": "(47) 98335-2934",
        "altura": "1,61",
        "peso": 62,
        "tipo_sanguineo": "A-",
        "cor": "laranja"
    },
    {
        "nome": "Eduardo Benício Peixoto",
        "idade": 52,
        "cpf": "140.646.532-11",
        "rg": "32.974.819-1",
        "data_nasc": "07/08/1970",
        "sexo": "Masculino",
        "signo": "Leão",
        "mae": "Luiza Marli Hadassa",
        "pai": "Luís Augusto Peixoto",
        "email": "eduardo-peixoto83@lukin4.com.br",
        "senha": "Bh931EhE7S",
        "cep": "53370-431",
        "endereco": "Rua Paral",
        "numero": 816,
        "bairro": "Ouro Preto",
        "cidade": "Olinda",
        "estado": "PE",
        "telefone_fixo": "(81) 3730-4438",
        "celular": "(81) 99389-1024",
        "altura": "1,61",
        "peso": 105,
        "tipo_sanguineo": "B-",
        "cor": "preto"
    },
    {
        "nome": "Rebeca Aparecida Moraes",
        "idade": 23,
        "cpf": "465.610.283-09",
        "rg": "12.556.458-2",
        "data_nasc": "25/07/1999",
        "sexo": "Feminino",
        "signo": "Leão",
        "mae": "Tânia Lavínia",
        "pai": "Rafael Vitor Moraes",
        "email": "rebecaaparecidamoraes@a.com",
        "senha": "zh0bZQJoJI",
        "cep": "61910-496",
        "endereco": "Rua Serra da Cantareira",
        "numero": 534,
        "bairro": "Luzardo Viana",
        "cidade": "Maracanaú",
        "estado": "CE",
        "telefone_fixo": "(85) 2584-6128",
        "celular": "(85) 99206-1435",
        "altura": "1,65",
        "peso": 64,
        "tipo_sanguineo": "B+",
        "cor": "roxo"
    },
    {
        "nome": "Lorena Cláudia Baptista",
        "idade": 29,
        "cpf": "489.498.398-22",
        "rg": "47.670.004-8",
        "data_nasc": "17/03/1993",
        "sexo": "Feminino",
        "signo": "Peixes",
        "mae": "Nicole Adriana",
        "pai": "Henry Vitor Baptista",
        "email": "lorena_claudia_baptista@ipek.net.br",
        "senha": "mYM6yrBnO8",
        "cep": "59031-425",
        "endereco": "Vila Luz",
        "numero": 616,
        "bairro": "Alecrim",
        "cidade": "Natal",
        "estado": "RN",
        "telefone_fixo": "(84) 3505-2366",
        "celular": "(84) 98646-3761",
        "altura": "1,77",
        "peso": 76,
        "tipo_sanguineo": "B+",
        "cor": "roxo"
    },
    {
        "nome": "Cristiane Carolina da Mota",
        "idade": 26,
        "cpf": "068.469.580-45",
        "rg": "45.953.036-7",
        "data_nasc": "07/07/1996",
        "sexo": "Feminino",
        "signo": "Câncer",
        "mae": "Alessandra Julia Nicole",
        "pai": "Benício Theo Igor da Mota",
        "email": "cristianecarolinadamota@rebecacometerra.com.br",
        "senha": "UbSe6a7BZj",
        "cep": "69915-124",
        "endereco": "Travessa Santa Lúcia",
        "numero": 192,
        "bairro": "Conjunto Esperança",
        "cidade": "Rio Branco",
        "estado": "AC",
        "telefone_fixo": "(68) 2862-2374",
        "celular": "(68) 99705-0454",
        "altura": "1,66",
        "peso": 81,
        "tipo_sanguineo": "A-",
        "cor": "vermelho"
    },
    {
        "nome": "Antonio André Nascimento",
        "idade": 67,
        "cpf": "316.840.258-34",
        "rg": "49.722.535-9",
        "data_nasc": "10/06/1955",
        "sexo": "Masculino",
        "signo": "Gêmeos",
        "mae": "Carla Luana Gabriela",
        "pai": "Benjamin Francisco Fernando Nascimento",
        "email": "antonio-nascimento81@tintasvalecores.com.br",
        "senha": "9B7MhaffDO",
        "cep": "49044-563",
        "endereco": "Rua B",
        "numero": 856,
        "bairro": "Santa Maria",
        "cidade": "Aracaju",
        "estado": "SE",
        "telefone_fixo": "(79) 2946-8561",
        "celular": "(79) 98116-5946",
        "altura": "1,80",
        "peso": 54,
        "tipo_sanguineo": "AB-",
        "cor": "amarelo"
    },
    {
        "nome": "Luzia Malu Castro",
        "idade": 0,
        "cpf": "303.152.862-02",
        "rg": "48.256.174-9",
        "data_nasc": "05/09/1990",
        "sexo": "Feminino",
        "signo": "Virgem",
        "mae": "Alessandra Aurora Teresinha",
        "pai": "Pedro Bryan Castro",
        "email": "luzia.malu.castro@doucedoce.com.br",
        "senha": "qBp2xjZ5Yj",
        "cep": "79904-394",
        "endereco": "Rua Pedro Manvailer",
        "numero": 236,
        "bairro": "Bairro Santa Isabel",
        "cidade": "Ponta Porã",
        "estado": "MS",
        "telefone_fixo": "(67) 3609-2417",
        "celular": "(67) 99407-7860",
        "altura": "1,51",
        "peso": 61,
        "tipo_sanguineo": "AB-",
        "cor": "azul"
    },
    {
        "nome": "Anderson Luís Gonçalves",
        "idade": 18,
        "cpf": "756.460.691-65",
        "rg": "21.001.964-5",
        "data_nasc": "17/01/2004",
        "sexo": "Masculino",
        "signo": "Capricórnio",
        "mae": "Camila Evelyn",
        "pai": "Vicente Carlos Gonçalves",
        "email": "anderson-goncalves77@rocketmail.com",
        "senha": "HYeSj834kQ",
        "cep": "69021-315",
        "endereco": "Rua São Miguel",
        "numero": 970,
        "bairro": "Tarumã",
        "cidade": "Manaus",
        "estado": "AM",
        "telefone_fixo": "(92) 2880-6181",
        "celular": "(92) 99852-7241",
        "altura": "1,75",
        "peso": 105,
        "tipo_sanguineo": "A+",
        "cor": "vermelho"
    }
]